,F1-Score,Accuracy,Estimators,Split
959932,0.8125,0.9,60.0,0.2
2634955,0.8260869565217392,0.8666666666666667,160.0,0.25
